Share Names,Date,Prev Close,Open Price,High Price,Low Price,Last Price,Close Price,Average Price,Total Traded Quantity,Turnover in Lacs,Deliverable Qty,% Dly Qt to Traded Qty
Share1,2-May-17,1971.4,1982,2018.95,1958,1990,1992.2,1992.2,46460,92557383.1,6709,65.77
Share1,3-May-17,1992.2,2005,2010,1961.05,1990,1990.55,1980.5,19690,38996118.55,3639,55.85
Share1,4-May-17,1990.55,1990.55,2001,1955,1959,1962.65,1973.68,21046,41538053,2274,35.43
Share1,5-May-17,1962.65,1956,1974,1915,1916.9,1931.8,1951.39,24807,48408121.95,3604,50.55
Share1,8-May-17,1931.8,1935.2,1937.9,1897.4,1900,1918.6,1914.59,42772,81890770.7,2195,72.55
Share1,9-May-17,1918.6,1924.8,1924.8,1897.05,1903,1907.6,1905.66,12937,24653537.5,2538,49.37
Share1,10-May-17,1907.6,1920,1935.95,1901.3,1910,1906.35,1913.99,19311,36961151.65,2507,49.27
Share1,11-May-17,1906.35,1902.5,1935.85,1894.05,1915.25,1923.8,1914.38,22813,43672670.05,3029,47.89
Share1,12-May-17,1923.8,1923.8,1928.95,1881,1882.3,1892.55,1899.46,29355,55758792.55,3836,56.64
Share1,15-May-17,1892.55,1905,1952.4,1881.05,1917.6,1916.1,1919.79,27342,52490765.75,3093,42.44
Share2,2-May-17,85.4,85.9,85.95,82.9,83.6,83.65,83.98,10832676,909719619.1,41388,40.06
Share2,3-May-17,83.65,83.4,83.75,82.65,82.75,82.8,83.04,4338219,360226683.3,19944,43.55
Share2,4-May-17,82.8,82.7,84.4,82.7,83.3,83.25,83.51,7670618,640577048.2,19997,52
Share2,5-May-17,83.25,83.3,84.4,82.3,83.2,83.2,83.47,9585864,800137207.1,32370,46.18
Share2,8-May-17,83.2,83.2,84.3,82.65,83.45,83.4,83.43,8573332,715306025.3,31803,42.58
Share2,9-May-17,83.4,83.4,83.8,82.75,82.9,82.9,83.08,7683180,638349381,20982,63.53
Share2,10-May-17,82.9,83.05,86,83.05,85.7,85.55,84.54,16320703,1379828353,38142,51.54
Share2,11-May-17,85.55,86,87.15,85.8,86.55,86.55,86.61,10349937,896379069.7,31052,36.71
Share2,12-May-17,86.55,86.9,86.9,85.1,85.5,85.7,85.79,7865319,674742518.5,21194,37.21
Share2,15-May-17,85.7,86,86.5,85.45,86.5,86.2,86.03,5372613,462206887.5,12724,42.95
Share3,2-May-17,2443.2,2440,2448.95,2376.05,2410,2400.75,2406.72,17672,42531481.1,1583,71.23
Share3,3-May-17,2400.75,2440,2454.95,2366,2366,2375.85,2395.22,21732,52052860.45,2412,53.23
Share3,4-May-17,2375.85,2381.95,2429,2360,2360.5,2372.45,2392.8,16033,38363826.6,1701,63.77
Share3,5-May-17,2372.45,2399,2469,1945.4,2440,2442.1,2380.72,51503,122614054.3,5324,28.66
Share3,8-May-17,2442.1,2443,2480,2406.05,2426.95,2449.75,2449.43,34648,84868012.95,2564,84.18
Share3,9-May-17,2449.75,2450,2505,2419.8,2485,2480.35,2452.32,220603,540988493.3,1601,96.79
Share3,10-May-17,2480.35,2466.1,2529,2466.1,2515.05,2517.5,2482.26,114626,284531295.7,1664,93.47
Share3,11-May-17,2517.5,2521,2544.65,2510,2544.65,2528.6,2525.09,13176,33270615.75,1384,49.22
Share3,12-May-17,2528.6,2520,2543,2487.3,2490.05,2513.25,2510.58,10730,26938471.9,2878,63.48
Share3,15-May-17,2513.25,2480.05,2567.7,2480.05,2562,2559.05,2537.42,15678,39781618.35,1636,57.46
Share4,2-May-17,4543.25,4545,4700,4545,4661,4674.7,4643.64,36116,167709760.1,3009,80.11
Share4,3-May-17,4674.7,4642.8,4668,4510.05,4549.8,4594.6,4617.51,18795,86786168.15,2501,66.2
Share4,4-May-17,4594.6,4599,4725,4544.1,4665,4665.85,4664.56,15617,72846411.75,2840,50.8
Share4,5-May-17,4665.85,4615,4745.95,4566.35,4581.95,4609.55,4694.85,33268,156188225.4,4591,63.4
Share4,8-May-17,4609.55,4570,4699.7,4570,4699.5,4686.65,4661.25,4820,22467235.4,1074,53.53
Share4,9-May-17,4686.65,4655,4692.5,4625.85,4690,4682.45,4676.85,4032,18857079.35,1059,47.37
Share4,10-May-17,4682.45,4641.05,4748.9,4641.05,4700,4708.05,4715.55,13806,65102868.35,3990,63.38
Share4,11-May-17,4708.05,4653.05,4735.95,4626.9,4649,4653.6,4694.8,8867,41628797.7,1706,65.61
Share4,12-May-17,4653.6,4620,4707.25,4585,4650,4615.7,4655.97,7033,32745444.35,2310,50.83
Share4,15-May-17,4615.7,4615.7,4709.8,4580,4690,4693.45,4688.28,8295,38889296.3,2356,74.23
Share5,2-May-17,182.95,181.3,184.3,181.3,182.7,183.1,182.67,2445074,446652371.5,32720,42.31
Share5,3-May-17,183.1,183.6,183.95,177.9,178.9,178.85,180.53,3443322,621609979.4,20154,58.06
Share5,4-May-17,178.85,179.05,182.3,177.3,181.9,181.75,180.71,2454996,443635645.5,20019,39.17
Share5,5-May-17,181.75,180.05,181.85,178.8,179.45,179.5,180.07,3476626,626020410.8,26604,58.56
Share5,8-May-17,179.5,179.5,182.7,179.5,180.85,180.85,181.28,1827920,331363427.3,14092,42.2
Share5,9-May-17,180.85,180.85,182.1,180.05,181.8,181.25,180.96,1539372,278563692.7,13323,55.95
Share5,10-May-17,181.25,180.4,185,180.4,184.05,183.95,183.9,2469417,454127887.9,22210,44.93
Share5,11-May-17,183.95,185.75,186.9,181.05,182.05,181.75,183.95,4619364,849720431.7,31720,53.04
Share5,12-May-17,181.75,182.3,182.3,177.45,179.6,179.4,179.16,2174542,389583441.2,15997,46.75
Share5,15-May-17,179.4,180,180.95,178.8,180.1,179.95,179.84,1570316,282398791.4,15672,54.91
Share6,2-May-17,355.5,355.5,355.95,346.7,348,347.6,349.24,2195524,766756927.1,45431,58.37
Share6,3-May-17,347.6,348.1,350,343.85,346.55,346.35,347.21,2358454,818890363,58903,64.82
Share6,4-May-17,346.35,346.7,351.4,343.7,345.9,346,347.08,1213003,421005298.8,18765,41.52
Share6,5-May-17,346,346.45,349,343.15,344.5,344.75,345.47,1539822,531965483.5,15597,51.88
Share6,8-May-17,344.75,344.75,355.25,344.3,352.3,351.3,351.06,2664070,935246768.7,20779,44.27
Share6,9-May-17,351.3,350,351,343.6,345.7,345.25,346.81,2817923,977280815.7,38928,42.05
Share6,10-May-17,345.25,336.5,380.4,336.5,372.8,372.75,363.5,24411321,8873508071,172771,30.09
Share6,11-May-17,372.75,370,370.85,362.45,363.9,366,366,7263857,2658586706,138683,45.52
Share6,12-May-17,366,362.25,370.3,361.5,364,365.1,365,3668575,1339027492,55804,53.03
Share6,15-May-17,365.1,366,369.95,361.4,364,364.15,364.97,3724158,1359207084,61172,65.07
Share7,2-May-17,719.25,727,743,721.25,741.3,739.85,736.55,2209271,1627235728,55450,43.39
Share7,3-May-17,739.85,744,753.55,728.5,737.1,736.2,741.65,2474078,1834897193,47212,37.93
Share7,4-May-17,736.2,741,741,719.8,732.3,731.5,727.1,1764395,1282899364,47334,57.61
Share7,5-May-17,731.5,735,745,720,724.7,724.75,731.26,2559463,1871641700,51907,45.89
Share7,8-May-17,724.75,726,729.6,710.1,714.8,715.6,717.01,1846513,1323961515,43186,53.61
Share7,9-May-17,715.6,717.5,723,710.35,721,721.4,718.55,1280378,920017389.9,38345,39.33
Share7,10-May-17,721.4,727.8,730,720.45,729.2,728.25,726.88,1506573,1095092067,40222,51.36
Share7,11-May-17,728.25,732.25,735.4,725,731.25,730.65,731.32,1338187,978646071.2,43812,53.04
Share7,12-May-17,730.65,730.6,735.95,725,733,733.15,730.75,1006454,735464896,25597,42
Share7,15-May-17,733.15,734.65,736,723,729,727.85,728.22,839675,611468413.2,18823,34.44
Share8,2-May-17,1578.95,1584.9,1625,1574.95,1578.55,1590.95,1600.59,42170,67496929,5224,62.53
Share8,3-May-17,1590.95,1593.95,1595,1553.8,1570,1572.75,1574.59,13380,21068008.3,1641,67.26
Share8,4-May-17,1572.75,1565,1580,1544.95,1549.95,1549.95,1551.47,36549,56704496.05,2463,82.26
Share8,5-May-17,1549.95,1550.1,1567,1511.4,1511.4,1515.3,1531.42,17777,27224121.75,1248,70.85
Share8,8-May-17,1515.3,1516,1560,1495,1554,1532.75,1517.86,24032,36477218.7,2448,54.84
Share8,9-May-17,1532.75,1548.85,1580.25,1548.2,1580.25,1571.15,1567.2,59302,92938380.85,2344,51.51
Share8,10-May-17,1571.15,1574.85,1594,1560,1565,1565.05,1570.93,16513,25940689.95,3111,63.76
Share8,11-May-17,1565.05,1570.05,1599,1565.05,1599,1594.7,1588.32,18959,30112934.85,2524,67.87
Share8,12-May-17,1594.7,1594.95,1616,1566.6,1590,1603.65,1604.09,28780,46165620.75,2792,64.38
Share8,15-May-17,1603.65,1597.95,1624,1555.6,1589.95,1582.15,1589.52,16525,26266897.2,2713,55.51
Share9,2-May-17,616.25,625,625.05,610,614,611.45,614.08,1646,1010771.2,158,54.07
Share9,3-May-17,611.45,613.85,647,612,638,643.95,632.82,14434,9134152.15,1650,69.96
Share9,4-May-17,643.95,642.5,659.8,628,630,631.6,647.38,4953,3206480.15,351,57.54
Share9,5-May-17,631.6,632,636.05,615,620,618.55,621.04,1839,1142089.3,127,80.59
Share9,8-May-17,618.55,629,634,607.25,627,621.35,622.27,3910,2433085.35,278,42.92
Share9,9-May-17,621.35,639.85,639.85,622,629,628.3,629.25,1745,1098048.4,216,65.62
Share9,10-May-17,628.3,631.9,632,617.7,618,623.65,625.59,1263,790120.95,105,69.04
Share9,11-May-17,623.65,618,624.75,601.15,608.5,610.25,610.57,3681,2247525.55,251,49.8
Share9,12-May-17,610.25,610,618,598.1,605,604.75,602.76,2066,1245292.45,196,70.67
Share9,15-May-17,604.75,620,622.7,600.3,603,608.4,612.94,1435,879570.75,178,58.05
Share10,2-May-17,349.1,353,363.1,349.1,360,359.75,358.66,216177,77533111.4,8888,54.61
Share10,3-May-17,359.75,364.85,372,364,371.95,371.2,368.95,231142,85279177.5,5146,59.74
Share10,4-May-17,371.2,375,409,374.95,398,399.15,395.75,1535538,607688562.7,27915,38.75
Share10,5-May-17,399.15,396.5,400,391,394,394.8,395.31,311154,123002751.6,8980,56.31
Share10,8-May-17,394.8,393.4,406.7,392.4,397.3,400.65,399.12,331617,132356629,8632,50.46
Share10,9-May-17,400.65,399.9,404.5,398.25,403,402.5,402.23,147787,59444763.8,3697,51.71
Share10,10-May-17,402.5,406.1,416.95,404.95,411,410.55,412.87,485085,200275766.8,6601,51.55
Share10,11-May-17,410.55,414.8,418.4,400.55,407,405.85,410.1,150523,61730072.4,6058,51.09
Share10,12-May-17,405.85,403.35,414.3,395,398,399.45,404.3,211097,85346556,11066,41.33
Share10,15-May-17,399.45,405.5,410,396,403,402.75,403.19,169463,68326214.75,6916,48.11
Share11,2-May-17,997,1011,1015.8,992,1003,1001.35,1002.53,178802,179254744.6,12915,58.15
Share11,3-May-17,1001.35,1045,1096.8,1030,1055.15,1054.6,1060.42,1816244,1925981150,54127,30.13
Share11,4-May-17,1054.6,1054.25,1081.8,1054.25,1057.05,1060.65,1066.21,299253,319067276.9,10242,30.98
Share11,5-May-17,1060.65,1057,1057.95,1008,1033.7,1031,1031.38,211006,217627732.3,8265,39.85
Share11,8-May-17,1031,1051.6,1064.75,1035.25,1056,1050,1052.89,188182,198135712.4,11438,35.48
Share11,9-May-17,1050,1055,1082.85,1053.65,1069,1065.85,1071.47,355984,381424613.9,25172,40.35
Share11,10-May-17,1065.85,1076,1076,1058,1059,1063,1066.53,121605,129695480.9,7217,57.34
Share11,11-May-17,1063,1065.1,1069.7,1045,1045,1048.4,1052.45,99137,104336894.9,6181,43.57
Share11,12-May-17,1048.4,1052.65,1078,1037.95,1048,1052.25,1061.08,240925,255641411.5,12631,26.22
Share11,15-May-17,1052.25,1068,1070.9,1046.75,1066,1066.05,1055.68,145671,153782519.7,10148,46.56
Share12,2-May-17,903.95,901.9,929.8,896,917.95,916.5,909.4,33430,30401105.8,1582,71.39
Share12,3-May-17,916.5,906.65,920,895,895,897.2,904.89,22923,20742734.8,2259,62.79
Share12,4-May-17,897.2,912.95,925,885.3,891.2,896.95,904.72,20447,18498837.3,1232,55.99
Share12,5-May-17,896.95,895.05,902.65,869.05,876,883.85,887.82,39117,34728786.25,2807,49.41
Share12,8-May-17,883.85,884,899.65,875.55,885.5,894.65,885.7,18642,16511268.65,1066,57.38
Share12,9-May-17,894.65,894,904.95,888,893,896.85,899.64,12878,11585574.15,1793,51.08
Share12,10-May-17,896.85,900,903.95,890,898.2,898.65,899.48,18442,16588166.65,916,65.04
Share12,11-May-17,898.65,898.55,901.5,887.5,899.75,898.4,897,15569,13965347.75,1215,45.17
Share12,12-May-17,898.4,898.4,914,892.2,909.8,910.65,904.69,26360,23847504.6,1327,63.89
Share12,15-May-17,910.65,920,920,896.95,900.45,904.45,907.45,46894,42553787.1,1635,35.42
Share13,2-May-17,628.4,629.9,636.55,623,628.6,626.75,628.61,678683,426623835.8,23121,37.32
Share13,3-May-17,626.75,629.7,632.1,622.65,624,624.75,625.74,605083,378622008.7,18206,51.7
Share13,4-May-17,624.75,625.25,632.55,625,626.05,626.9,627.91,370345,232543563,11650,29.76
Share13,5-May-17,626.9,626.5,634,623.05,625.65,625.95,627.23,750235,470572589.9,16359,49.88
Share13,8-May-17,625.95,625.55,629.45,623.2,629.35,626.95,626.68,456711,286211318.2,7590,51.59
Share13,9-May-17,626.95,629.5,638.9,629.1,631.45,632.05,633.73,742101,470293345.1,16744,37.14
Share13,10-May-17,632.05,634,642.15,632.95,637.3,637.35,638.44,517605,330460966,18378,36.23
Share13,11-May-17,637.35,638,644.7,634.35,635,635.2,638.46,748146,477661800.1,35292,48.88
Share13,12-May-17,635.2,633.7,635.05,624.55,625,625.85,627.81,501407,314789590.4,19246,49.29
Share13,15-May-17,625.85,628.5,630.95,621,624.1,624.25,626.21,393660,246515668.2,11000,42.99
Share14,2-May-17,736.5,737.25,762.9,737.25,749.65,752.3,750.44,1808851,1357433667,40605,43.19
Share14,3-May-17,752.3,753,762,746.8,758.5,756.85,754.74,1083002,817386526,24359,47.82
Share14,4-May-17,756.85,762.2,793,762.2,772,773.25,780.32,2607954,2035030961,43004,20.65
Share14,5-May-17,773.25,778,814.4,766.1,806.55,808.9,796.1,4332891,3449418087,72556,24.63
Share14,8-May-17,808.9,823.65,824.5,770.2,780.05,780.15,788.35,3972924,3132069040,72004,24.24
Share14,9-May-17,780.15,782.9,793,775.6,780,780.05,783.09,1199297,939161209.3,32723,28.82
Share14,10-May-17,780.05,781.9,795,780,789,790.85,788.12,1251054,985979581,22605,26.05
Share14,11-May-17,790.85,789.7,790.5,756,763,761.8,773.79,1038372,803476842.4,25110,46.79
Share14,12-May-17,761.8,763.9,768,736.7,752.8,751.8,754.67,1137225,858228267.8,25970,36.24
Share14,15-May-17,751.8,755.5,761.45,744,750.2,752.15,753.35,617269,465020005.7,15677,31.4
Share15,2-May-17,167.65,169.3,169.3,163.5,164,164.6,165.71,1499775,248522063.4,15820,73.66
Share15,3-May-17,164.6,165,168.3,162.2,164.8,165.45,165.68,1577520,261356801.4,14452,73.41
Share15,4-May-17,165.45,166.4,173.1,165.2,166.8,167.1,170.35,8428938,1435830894,28338,72.82
Share15,5-May-17,167.1,167.5,170.9,164.6,170.15,169.65,167.99,1692083,284247149.8,16468,50.54
Share15,8-May-17,169.65,170.7,177.3,168.5,176.4,176.8,174.71,2362984,412833231.7,16365,47.19
Share15,9-May-17,176.8,177.7,179.75,175.6,179.3,178.5,178.32,1223038,218096843.1,11281,45.56
Share15,10-May-17,178.5,179.75,182.6,178.85,181.2,181.35,181.03,1732496,313634685.6,15902,52.3
Share15,11-May-17,181.35,182.4,184.5,178.65,181.6,182.2,182.73,1861319,340123173.9,15517,40.9
Share15,12-May-17,182.2,182.45,182.8,177.1,180,179.4,179.64,1457612,261847118.2,30196,55.51
Share15,15-May-17,179.4,181.4,189.75,178.4,188.55,188.15,183.52,4978930,913736628,31012,58.45
Share16,2-May-17,166.4,167,171.8,164.3,171.65,170.5,167.88,2773802,465671525.1,15405,41.05
Share16,3-May-17,170.5,171.9,172.75,168.25,169.8,169.95,170.64,2816277,480581564.7,28580,43.69
Share16,4-May-17,169.95,170.8,170.8,167.1,170.2,169.85,169.27,1544999,261516649.8,9549,30.64
Share16,5-May-17,169.85,170,170.3,163,166.1,165.9,166.13,1822774,302808637.4,10208,37.27
Share16,8-May-17,165.9,166,168.4,165.25,167.6,167.8,167.16,1191202,199116853.5,9813,29.87
Share16,9-May-17,167.8,167.6,169.75,166.3,167.5,167.55,168.15,1294588,217690221.9,7953,29.87
Share16,10-May-17,167.55,168.05,168.95,167.2,168.2,168.15,168.14,1099288,184839746.5,6488,45.89
Share16,11-May-17,168.15,168.4,169.6,165,165.95,165.8,166.91,1649907,275392984.8,19667,44.78
Share16,12-May-17,165.8,165.3,166.8,163.2,166.3,165.95,164.95,1082356,178535786.3,9157,34.93
Share16,15-May-17,165.95,166.8,169.7,166.3,168.8,168.7,168.5,1419716,239228035.8,11715,40.25
Share17,2-May-17,229.85,231,232.75,227.2,231.9,230.9,230.48,1188775,273986706.6,18451,48.92
Share17,3-May-17,230.9,231,232,220.5,222.3,222.3,225.08,3495621,786779311.7,51980,60.92
Share17,4-May-17,222.3,222.3,238.3,222,238,236.6,230.31,7649812,1761852567,55025,21.48
Share17,5-May-17,236.6,237.95,244.15,233.15,240.8,241.95,239.69,6311503,1512800857,55289,22.74
Share17,8-May-17,241.95,244.8,244.8,237.4,239.55,239,240.02,1861919,446892822.8,17437,35.91
Share17,9-May-17,239,239.05,240.35,235.75,238.25,237.25,237.76,1076590,255966039.7,11004,44.59
Share17,10-May-17,237.25,237.65,247.9,236.25,247.25,247,244.44,3195529,781126116.4,28855,27.41
Share17,11-May-17,247,247.9,250,245,246.45,247.5,247.11,1809932,447252099.9,25772,33.15
Share17,12-May-17,247.5,247,247.5,243.05,245,244.85,245.05,1145431,280686628.3,16745,29.88
Share17,15-May-17,244.85,245.35,247.25,244.2,245.5,245.8,245.63,957470,235182853.4,10111,38.65
Share18,2-May-17,107.6,110,115.35,110,112.3,112.5,113.45,52498477,5955872351,148072,17.52
Share18,3-May-17,112.5,113.7,113.85,110.15,111.85,112.05,111.79,22987164,2569769781,61713,23.3
Share18,4-May-17,112.05,112.85,113.85,111.35,112.6,112.55,112.56,15770969,1775219166,63138,40.57
Share18,5-May-17,112.55,113.5,120,112.5,116.6,116.4,117.25,60770643,7125296373,186330,21.7
Share18,8-May-17,116.4,117.8,119.7,117.5,118.35,118.55,118.68,16344872,1939800835,52031,31.23
Share18,9-May-17,118.55,118.85,118.95,115.5,118.45,118.05,117.21,10864570,1273434455,48226,29.35
Share18,10-May-17,118.05,119.15,119.4,116.5,117.15,117.15,117.61,9361120,1100996219,30333,40.22
Share18,11-May-17,117.15,118.25,118.25,115.3,116.1,116,116.45,12038623,1401851840,40685,41.11
Share18,12-May-17,116,116.55,117.15,113.65,115,114.9,115.08,9838564,1132253712,37581,39.63
Share18,15-May-17,114.9,115.35,117.55,114.9,117.3,117.25,116.24,7031563,817374137.9,33429,30.13
Share19,2-May-17,526.1,527,536.1,521,524.65,527.35,530.29,49790,26403206.75,4602,74.25
Share19,3-May-17,527.35,527.35,531.9,520.2,527,528.15,526.73,47462,24999652.05,6501,64.05
Share19,4-May-17,528.15,532.8,532.8,524.9,528,527.45,527.74,43986,23213108.9,2460,53.67
Share19,5-May-17,527.45,521,532,521,525.5,524.2,527.73,59571,31437497.65,2352,67.8
Share19,8-May-17,524.2,528.65,530,518.9,525,525.8,524.67,27487,14421552.5,1507,58.63
Share19,9-May-17,525.8,529,529,520.1,526.9,526.95,525.48,22934,12051464.05,1516,54.42
Share19,10-May-17,526.95,528,537,526,535.25,535.65,531.13,115968,61593818.35,4946,82.3
Share19,11-May-17,535.65,538.4,542,531,534.4,533.55,538.61,45085,24283326.6,3100,61.71
Share19,12-May-17,533.55,533.6,543,533.6,540,539.25,539.92,51030,27551948.3,2802,63.94
Share19,15-May-17,539.25,540,542.8,536.85,537,537.95,538.56,75074,40431676.25,2846,90.16
Share20,2-May-17,578.05,583.95,583.95,564.05,565,565.35,567.72,60736,34481008.7,1881,85.23
Share20,3-May-17,565.35,570.75,570.75,554,554.2,557.1,558.37,105611,58970062.1,1564,80.83
Share20,4-May-17,557.1,553,561.3,551.15,554.7,552.05,552.44,163246,90183364.55,1912,92.32
Share20,5-May-17,552.05,557,585,551.2,575,576.7,573.42,76490,43860612.6,3221,38.67
Share20,8-May-17,576.7,578,584,561.05,568.5,565.05,570.25,19581,11166157.15,967,41.41
Share20,9-May-17,565.05,570,601.85,565.05,594,590.4,590.28,195981,115683532.6,10006,38.33
Share20,10-May-17,590.4,593.5,606.8,589,590,592.9,600.15,98526,59130540,3287,49.13
Share20,11-May-17,592.9,602,609.45,594.1,595,596.8,602.19,49128,29584512.65,2067,49.02
Share20,12-May-17,596.8,608,608,585,590,589.25,592.77,38499,22820979.25,1496,63.3
Share20,15-May-17,589.25,598.75,606,588.8,602,603.3,598.91,36963,22137542.5,2348,63.3
Share21,2-May-17,301.95,307,320,306.6,315.9,314.65,313.46,2332766,731240145,47906,45.62
Share21,3-May-17,314.65,316.1,318.7,313,315.5,315.25,316.1,688944,217774278.5,8698,54.41
Share21,4-May-17,315.25,316.5,322.7,314.1,317,319.5,318.73,1418856,452230549.8,12978,39.89
Share21,5-May-17,319.5,320.95,321.55,306.25,313,312.85,314.24,852514,267889985.1,11664,45.93
Share21,8-May-17,312.85,312.85,314.3,305.6,308,307.95,308.93,435790,134628565.9,5063,48.23
Share21,9-May-17,307.95,310.8,315.85,309.3,311.5,310.8,312.55,647506,202380843.4,13199,37.52
Share21,10-May-17,310.8,312.35,321.15,312,317.7,316.85,316.88,953824,302251098,9749,49.95
Share21,11-May-17,316.85,317.65,319,309.3,311,310.8,313.38,409863,128441858.3,5837,54.65
Share21,12-May-17,310.8,312,312,303.65,307.85,307.6,307.25,338807,104098185.8,5818,43.32
Share21,15-May-17,307.6,310.5,313.8,304.45,304.5,305.05,308.07,515869,158923376.7,8031,51
Share22,2-May-17,397.95,399.95,400,389.5,391.6,391.7,394.19,198087,78083370.3,6323,61.74
Share22,3-May-17,391.7,395,404.8,393.55,403,402.65,401.17,251940,101071458.2,7307,50.55
Share22,4-May-17,402.65,403,421,403,414.55,416.35,415.54,591250,245686244.5,13573,37.57
Share22,5-May-17,416.35,418,427.8,416.35,419,421,422.05,434362,183323480.8,19161,55.98
Share22,8-May-17,421,423,423.55,412.5,414,414.45,415.42,223162,92706811.25,3386,80.36
Share22,9-May-17,414.45,413,422,410.35,413,413.15,415.18,136927,56848672.15,5137,42.12
Share22,10-May-17,413.15,413.7,432.85,413.7,421.35,421.1,423.72,323401,137031070.4,10824,44.37
Share22,11-May-17,421.1,426,426,420,424,423,422.84,84963,35925924.85,2925,51.51
Share22,12-May-17,423,422,423,414.05,419,418.45,417.45,93495,39029894.55,2324,62.73
Share22,15-May-17,418.45,418,420.9,411.1,417,417.35,415.11,114339,47462748.5,3519,56.51
Share23,2-May-17,181,182.55,187.25,181.2,184.25,183.6,184.18,553248,101898205.8,6479,43.98
Share23,3-May-17,183.6,186.9,188.15,181.75,183.5,183.8,184.89,488673,90350099.85,7386,45.73
Share23,4-May-17,183.8,184,186.4,182.4,183.85,182.95,184.1,347809,64031814.2,4567,35.38
Share23,5-May-17,182.95,183.95,185.8,181.6,184.1,183.35,183.42,344466,63180587.35,7332,49.85
Share23,8-May-17,183.35,183.3,184.4,172,174.25,174.1,176.67,893960,157933246.1,5652,38.72
Share23,9-May-17,174.1,175.15,177.3,169.45,170,170.55,172.45,524377,90431139.1,6837,67.27
Share23,10-May-17,170.55,171.4,181.5,171.4,179.8,178.35,176.9,1232881,218091089.6,14120,45.73
Share23,11-May-17,178.35,179.35,181.85,174.8,179,177.35,179.52,534288,95916794.95,8958,48.82
Share23,12-May-17,177.35,176.4,178.2,171.7,173.25,173.25,173.89,287405,49977944.05,3829,49.06
Share23,15-May-17,173.25,174.5,177.55,172.5,177.55,176.75,175.87,211562,37206965.8,3606,40.22
Share24,2-May-17,814.1,816.15,825.45,811.7,822.1,822.05,821,861366,707179486.2,46267,65.56
Share24,3-May-17,822.05,824.95,837.5,821,836,835.1,831.45,994932,827233218.9,27341,52.41
Share24,4-May-17,835.1,836.1,842.6,808.15,815.85,818,820.6,1379248,1131805391,36997,58.69
Share24,5-May-17,818,820.95,832,814.3,828,829.6,824.66,928408,765617983,39184,64.28
Share24,8-May-17,829.6,829.85,845,825.7,842,840.2,835.77,790817,660943809.4,55658,72.7
Share24,9-May-17,840.2,845,854.85,839.95,849,849.75,849.48,907261,770699490.9,35511,64.06
Share24,10-May-17,849.75,848.75,850.9,838.1,841.1,843.6,843.31,757706,638982329.1,28754,60.01
Share24,11-May-17,843.6,857.8,858.8,835.6,841.45,838.7,843.14,3514917,2963566864,88032,51.64
Share24,12-May-17,838.7,840,848.2,839.05,847.5,847.65,844.58,1647701,1391621134,40459,59.25
Share24,15-May-17,847.65,848.5,850,845,847.05,848.55,848.03,687573,583084609.8,29220,65.25
Share25,2-May-17,1546.5,1547,1550.9,1530.35,1542.85,1540.6,1540.81,1001760,1543518050,17111,65.38
Share25,3-May-17,1540.6,1554.25,1554.25,1539.35,1541.05,1544.3,1543.93,626991,968031267.2,13977,52.51
Share25,4-May-17,1544.3,1539.25,1542.9,1522.6,1533.5,1534.8,1529.35,1282757,1961782632,28722,59.93
Share25,5-May-17,1534.8,1542.1,1542.9,1526.3,1531,1532.2,1531.86,689474,1056176851,20311,46.71
Share25,8-May-17,1532.2,1538,1540,1528.55,1532.6,1534.8,1533.56,936813,1436656655,35872,64.4
Share25,9-May-17,1534.8,1534.8,1545.6,1532.65,1533.9,1535.75,1537.87,836459,1286367998,25182,71.22
Share25,10-May-17,1535.75,1540,1555,1537.05,1554,1551.8,1548.16,585561,906540275.6,11399,52.61
Share25,11-May-17,1551.8,1551,1560,1541,1543,1546.4,1551.42,968936,1503227835,26482,64.9
Share25,12-May-17,1546.4,1545.9,1556.9,1536.2,1554,1551.65,1542.32,1536901,2370390261,18358,64.78
Share25,15-May-17,1551.65,1550,1557.2,1542.25,1553,1553.4,1550.73,701195,1087367600,15104,44.11
Share26,2-May-17,205.15,206.9,208.8,200.8,206,204.55,204.88,1039728,213018030.9,7527,40.62
Share26,3-May-17,204.55,205.5,210.05,203.3,205.75,206.05,207.41,2311827,479490411.5,14587,44.93
Share26,4-May-17,206.05,206.2,208.5,204.5,207.35,207.15,207.08,679535,140717855.5,6255,29.95
Share26,5-May-17,207.15,205.95,207.95,198.2,201,201.35,202.5,899439,182139249.4,7050,30.97
Share26,8-May-17,201.35,202.15,204.9,199.65,204.15,204.2,202.81,489710,99316955.4,3294,42.63
Share26,9-May-17,204.2,204.85,208,202,202,203.15,205.15,2518137,516605275.7,9553,53.86
Share26,10-May-17,203.15,203.95,207.9,201.25,203.2,203.75,204.51,1764730,360904623.4,12174,33.87
Share26,11-May-17,203.75,204.7,206.9,203.1,203.5,204,204.5,2466901,504470212.7,7112,67.14
Share26,12-May-17,204,205,206,196.75,197.95,198.35,201.42,1258544,253498604,8123,43.05
Share26,15-May-17,198.35,199.9,200,192.1,194.2,193.55,194.91,1100044,214409148.5,9118,27.44
Share27,2-May-17,1444.95,1454,1455,1440.15,1450,1445.8,1447.08,955073,1382069046,49361,79.33
Share27,3-May-17,1445.8,1449.9,1451.45,1429,1435.9,1438.45,1438.49,635349,913941465.4,24419,62.81
Share27,4-May-17,1438.45,1446,1446,1410.1,1426,1420.25,1420.66,1452308,2063233369,55476,67.31
Share27,5-May-17,1420.25,1429.95,1429.95,1403.7,1409,1408.05,1412.08,1878351,2652390040,41027,83.21
Share27,8-May-17,1408.05,1406.5,1434.8,1401.8,1434.8,1424.85,1411.07,1600519,2258442404,35181,83.71
Share27,9-May-17,1424.85,1432,1432,1415.55,1422.9,1420.9,1422.73,781989,1112558476,16439,81.2
Share27,10-May-17,1420.9,1425.4,1435,1419.3,1432,1431.9,1427.81,420102,599827479.9,22042,61.97
Share27,11-May-17,1431.9,1438,1438,1420,1420.3,1426.3,1426.68,839412,1197576229,22359,84.26
Share27,12-May-17,1426.3,1424.8,1424.8,1404.5,1413,1411.75,1416.72,602647,853781090.2,22407,59.34
Share27,15-May-17,1411.75,1414.2,1422.6,1403.4,1420,1416.2,1415.45,949033,1343311085,38809,62.56
Share28,2-May-17,918.95,924,926.4,915.1,923.15,922.6,921.65,1615563,1488984260,85885,67.15
Share28,3-May-17,922.6,926.5,939.1,917.65,934,934.3,932.19,2329724,2171737625,74214,49.08
Share28,4-May-17,934.3,937,939.65,928.9,936,937.65,935.94,2639903,2470785901,104986,70.9
Share28,5-May-17,937.65,936,937.35,920,930,931.5,927.04,2216394,2054687486,108343,63.41
Share28,8-May-17,931.5,938,948.55,932,943.1,945.5,940.67,2353549,2213917286,99288,76.57
Share28,9-May-17,945.5,950.6,951.95,942.1,946.95,946.65,947.01,2824686,2675013934,97850,77.5
Share28,10-May-17,946.65,947.15,950,937.15,945.3,943.65,943.23,1682151,1586652710,54391,70.91
Share28,11-May-17,943.65,946.85,949.85,937.55,944.05,944.1,945.45,1614741,1526662167,67623,70.99
Share28,12-May-17,944.1,953,966,951.45,965.45,964.25,959.75,5489998,5269035238,111297,74.5
Share28,15-May-17,964.25,963.5,963.5,949.1,953.25,951.55,951.49,3648582,3471579745,75335,83.67
Share29,2-May-17,299.65,301.85,304,290.05,292.65,292.4,296.84,280654,83310648.65,5715,46.96
Share29,3-May-17,292.4,288.5,295,283.15,293.55,292.9,289.87,878280,254589900.6,8502,65.87
Share29,4-May-17,292.9,290,293,282.1,284.7,285.9,286.08,217441,62206559.7,2840,58.65
Share29,5-May-17,285.9,287,290,277.05,277.95,277.95,281.46,89806,25277086.85,2073,49.8
Share29,8-May-17,277.95,279.25,285.85,279.25,282.6,283.2,282.85,103190,29187502.5,1945,38.11
Share29,9-May-17,283.2,283.2,284.6,280.05,280.8,281.2,282.51,63254,17869691.8,3037,63.64
Share29,10-May-17,281.2,280.05,284.85,280,280.1,280.45,281.69,73110,20594125.7,3256,61.7
Share29,11-May-17,280.45,280.75,285.8,280.25,283.5,284,283.37,179284,50804413.95,6895,62.56
Share29,12-May-17,284,284,286.45,280.5,280.95,282.15,283.48,76215,21605178.5,3613,49.08
Share29,15-May-17,282.15,282,283,278,282.95,282.15,280.77,56998,16003447.3,2689,52.25
Share30,2-May-17,598.05,607.5,608,581,590,589.75,591.14,122420,72367095.6,4456,69.03
Share30,3-May-17,589.75,590.1,600,557.4,562.05,564.1,570.77,251082,143311144.4,4630,78.67
Share30,4-May-17,564.1,570.35,572,543,546.25,548,550.95,150412,82869296.4,4584,63.44
Share30,5-May-17,548,549.7,551.95,532.9,534.05,536.85,542.35,64951,35226016.3,2942,53.16
Share30,8-May-17,536.85,538,548.85,537.9,541,541.05,543.06,30095,16343314.1,1215,35.96
Share30,9-May-17,541.05,546.9,551,541.95,544,546.3,545.26,48847,26634134.5,2628,44.82
Share30,10-May-17,546.3,550,564,542.95,545,549.6,554.2,109738,60816907.75,4954,45.89
Share30,11-May-17,549.6,552.95,564,550.35,564,560.2,558.23,125493,70054509,5317,70.65
Share30,12-May-17,560.2,561,561,548.05,550,552.25,552.33,45487,25123960.25,2124,60.89
Share30,15-May-17,552.25,553,562.5,550,557,557.25,557.27,61360,34194349.85,1684,73.24
Share31,2-May-17,195.1,193.05,198.65,193.05,196,197.85,196.46,61634,12108550.8,2596,80.67
Share31,3-May-17,197.85,196.05,197.85,195,195.4,196.4,196.61,34512,6785505.2,1874,75.66
Share31,4-May-17,196.4,196.05,196.15,192.8,194,193.8,194.26,30349,5895533.75,843,79.21
Share31,5-May-17,193.8,193.4,196,192.25,192.75,193,193.54,24529,4747273.7,612,49.21
Share31,8-May-17,193,196,196,192.85,193.8,193.95,194.1,10875,2110828.45,305,73.74
Share31,9-May-17,193.95,195.7,197.05,194.1,195.15,195.85,196.01,86490,16952755.55,3408,77.16
Share31,10-May-17,195.85,196,200,193,195.35,197.4,197.1,68339,13469949.75,1765,30.72
Share31,11-May-17,197.4,197.5,197.5,192.8,193,193.3,193.92,181252,35148027.8,720,12.86
Share31,12-May-17,193.3,193,195.35,190.65,194,194.3,192.7,83112,16015296.5,693,88.47
Share31,15-May-17,194.3,194.3,195.75,192.5,193.4,193.4,194.77,28452,5541647.65,1921,81.41
Share32,2-May-17,974.75,967.55,991.9,955.05,990.75,981.95,973.53,27961,27220828.15,1519,58.37
Share32,3-May-17,981.95,981.95,993,973.2,983.1,989.65,986.68,21908,21616271.75,2861,46.65
Share32,4-May-17,989.65,974,1006.3,974,987.8,995.45,995.49,37072,36904672.25,3173,37.72
Share32,5-May-17,995.45,1004.45,1008.45,986.05,998.95,997.8,997.65,23375,23319970.5,1484,51.57
Share32,8-May-17,997.8,1001,1008,987,992.05,999.25,998.2,25685,25638791.9,1716,63.93
Share32,9-May-17,999.25,992.75,1020.2,991.1,1006,1015.75,1006.64,34740,34970682.8,4123,51.17
Share32,10-May-17,1015.75,1016,1033.3,1014.05,1025,1024.5,1026.13,27195,27905563.1,3222,49.01
Share32,11-May-17,1024.5,1025,1099,1018.1,1055.3,1053.3,1052.24,78533,82635817.75,7349,50.64
Share32,12-May-17,1053.3,1065,1119,1055.5,1061.3,1071.55,1086.02,83639,90833355.5,8143,35
Share32,15-May-17,1071.55,1105,1196,1105,1122,1118.75,1138.95,351094,399879792.1,27380,30.22
Share33,2-May-17,400,401,404.05,389.5,390.7,392.2,393.06,41912,16474045.6,1792,52.63
Share33,3-May-17,392.2,392.2,392.2,375.05,375.15,376.15,382.16,100312,38335439,5631,64.26
Share33,4-May-17,376.15,379.55,387.9,375.25,381,380.2,381.3,54835,20908503.1,3236,61.78
Share33,5-May-17,380.2,380.2,383.25,375,376.7,377,378.57,89063,33716828.2,3020,79.31
Share33,8-May-17,377,379.9,379.9,369.05,371,370.7,370.79,709229,262974296.3,5620,80.24
Share33,9-May-17,370.7,374,378,369.65,370.55,371.25,371.17,557498,206928368,2281,95.06
Share33,10-May-17,371.25,374,384.3,372.85,376.2,378.15,379.76,111946,42512169.8,5898,49.77
Share33,11-May-17,378.15,375.05,381.8,375.05,377,377.7,378.62,24726,9361860.15,1157,54.89
Share33,12-May-17,377.7,377.65,381.95,365,367,366.85,373.77,107876,40321245.1,6806,63.53
Share33,15-May-17,366.85,367.1,392,367.1,389.8,384.9,377.75,91255,34471552.55,3846,60.65
Share34,2-May-17,901.95,902.05,919.9,901,916,917.9,912.08,2570563,2344571096,37792,72.08
Share34,3-May-17,917.9,920.05,922,913.8,916,916.95,917.39,1012552,928900972.5,41098,62.74
Share34,4-May-17,916.95,917.25,918,900.45,907.5,905.45,905.4,1503426,1361196099,39601,61.74
Share34,5-May-17,905.45,908.95,912,900.25,907.5,908.3,908.74,2195801,1995417680,46525,79.11
Share34,8-May-17,908.3,907.5,910,900,910,907.35,906.27,1067991,967884938.8,18207,69.81
Share34,9-May-17,907.35,910,911.35,905.4,907.6,906.85,908.11,583372,529763226.5,20211,58.1
Share34,10-May-17,906.85,911,929.65,911,929,927.65,923.71,1940601,1792560044,32439,53.98
Share34,11-May-17,927.65,933.05,940.5,930.55,933.55,936.8,936.06,2200001,2059338489,48680,68.78
Share34,12-May-17,936.8,940,962,937.55,954,954.65,951.71,4308505,4100435306,41736,70.1
Share34,15-May-17,954.65,955,981.45,954.4,970,973.3,974.48,4155827,4049752555,63269,72.44
Share35,2-May-17,93.45,93.35,94.7,93.35,93.95,94,93.91,3138219,294696047.6,20678,77.72
Share35,3-May-17,94,94.35,94.5,93,93.1,93.3,93.31,1594974,148831481.1,7330,61.64
Share35,4-May-17,93.3,94,94,92.5,92.75,92.8,93.15,2477414,230759324.6,19553,68.14
Share35,5-May-17,92.8,92.8,93,90.55,90.65,90.8,91.4,3371031,308114183.3,17776,69.6
Share35,8-May-17,90.8,91.5,91.7,89.5,90,90,90.2,2719137,245258680.8,22828,73.77
Share35,9-May-17,90,90.75,96.1,90.4,95.25,95.35,93.97,6393616,600829558,26859,54.04
Share35,10-May-17,95.35,95.75,97.9,94.05,96.85,96.95,96.38,4686986,451742081.4,23403,46.78
Share35,11-May-17,96.95,97.1,97.35,95.3,95.7,95.7,96.14,2193877,210915457.8,14375,62.42
Share35,12-May-17,95.7,95,95.35,92.6,94,93.9,93.85,2111018,198117279.7,12037,52.26
Share35,15-May-17,93.9,94.15,96.75,93.2,96.15,96.1,94.94,3144720,298565562.3,11803,53.91
Share37,2-May-17,655.9,656.3,661.85,647.05,655,655.15,654.15,337817,220981753.5,9017,45.07
Share37,3-May-17,655.15,649,655.15,638.65,642.55,643.1,645.16,664126,428466350.1,13066,62.27
Share37,4-May-17,643.1,644.8,648.05,637.35,638.8,639.45,640.73,273091,174978659.1,7270,54.64
Share37,5-May-17,639.45,639.45,641.75,609.35,619.5,618.2,624.47,441062,275432000.7,9822,47.96
Share37,8-May-17,618.2,615,632.1,606.65,629.5,629.05,624.46,481987,300981345,11965,48.18
Share37,9-May-17,629.05,630,634.5,624.25,624.3,626.9,628.92,228354,143617186.8,2781,73.72
Share37,10-May-17,626.9,626,647,626,640.5,643.15,638.02,464654,296458501.5,7191,58.04
Share37,11-May-17,643.15,642.5,659.7,639.05,653.65,653.05,652.5,609049,397404112.8,10976,46.85
Share37,12-May-17,653.05,652.5,654.95,642,645.1,645.95,647.06,230893,149401307,7892,59.61
Share37,15-May-17,645.95,645,680,644.95,678.6,676.7,669.65,953319,638393248.3,24724,37.1
Share38,2-May-17,478.55,483.2,484.95,470,478,484,480.29,35425,17014277.15,2552,80.13
Share38,3-May-17,484,476.7,489,475.1,480,479.45,482.44,13810,6662528.9,667,60.29
Share38,4-May-17,479.45,476.75,488.9,476.75,480.05,481.65,484.82,18470,8954562.9,983,62.44
Share38,5-May-17,481.65,486.45,486.45,459.95,467.8,465.6,472.23,27041,12769658.6,744,64.49
Share38,8-May-17,465.6,470,483,467.2,477,477.65,478.4,18571,8884346.05,677,70.81
Share38,9-May-17,477.65,474,485,464.7,468.75,469.65,471.68,43823,20670215.65,3390,43.88
Share38,10-May-17,469.65,475,488,470,477.2,480.5,480.22,47239,22685058.55,1248,58.34
Share38,11-May-17,480.5,477.2,484.4,474.7,475,476.85,479.89,31024,14888071.7,1569,63.24
Share38,12-May-17,476.85,475.2,480.85,470.1,472.05,472.85,474.58,28887,13709124.65,2924,47.58
Share38,15-May-17,472.85,472.85,484.55,471.3,473.65,474.15,476.01,38627,18386821.3,1284,52.67
Share39,2-May-17,687.3,692.5,693.9,678,685,687.75,688.19,209512,144183879.3,9801,72.27
Share39,3-May-17,687.75,695,695,676,685,688.1,683.4,88771,60666370.35,5127,62.29
Share39,4-May-17,688.1,686,688.15,678,678.1,681.15,681.61,161796,110282411.9,7558,87.58
Share39,5-May-17,681.15,691,691,673.7,677,679.05,676.29,249435,168690330.9,1324,91.93
Share39,8-May-17,679.05,679.05,689.85,679.05,688.55,686.55,686.4,93617,64258644.3,5655,71.18
Share39,9-May-17,686.55,689,709.95,683.55,705,705.1,702.26,300850,211273801.4,8456,50.03
Share39,10-May-17,705.1,705.1,721.35,705.1,714.65,716.55,715.55,232833,166604618.9,14219,67.53
Share39,11-May-17,716.55,719.95,725,714,720,721,719.6,188122,135373376.8,8429,65.32
Share39,12-May-17,721,718,720,703,707,708.1,711.25,62290,44303548.1,4494,77.58
Share39,15-May-17,708.1,715,716.35,696.7,699.95,702.2,706.35,165862,117157202.8,7654,73.66
Share40,2-May-17,768.65,771.5,784.85,763,765,771.25,770.06,353907,272529824.8,4461,79.91
Share40,3-May-17,771.25,771.85,773,753.95,758,756.8,763.19,73688,56237749.25,2913,62.15
Share40,4-May-17,756.8,761,762.9,737.4,749.5,747.55,748.87,102746,76943402.75,4657,57.91
Share40,5-May-17,747.55,748,748.05,734,742,741.95,740.07,237022,175413762,1819,87.14
Share40,8-May-17,741.95,741.35,755,740.5,755,748.95,748.46,65994,49393584.35,3228,56.58
Share40,9-May-17,748.95,754.9,759.9,745.1,748.1,747.65,753.25,58011,43696690.15,2025,69.58
Share40,10-May-17,747.65,752.95,768.95,743.35,760,758.95,759.46,129320,98213741.2,9767,64.09
Share40,11-May-17,758.95,754.45,759.4,748.2,758.4,754.5,753.23,88268,66485796.5,1895,73.72
Share40,12-May-17,754.5,759,759,745.15,752,752.6,752.36,55506,41760592.55,2245,52.95
Share40,15-May-17,752.6,750.05,756.8,745.5,751.45,754.3,751.95,32320,24302896.35,1648,65.08
Share41,2-May-17,334.1,333,338.5,325,337.9,335.65,332.63,27016,8986279.1,2545,59.28
Share41,3-May-17,335.65,335,338.75,320.4,324.85,324.25,326.06,44683,14569222.9,1580,60.92
Share41,4-May-17,324.25,328.6,328.6,321.7,327,326.45,325.23,15157,4929512.05,946,51.92
Share41,5-May-17,326.45,329.7,336.45,322.65,326.5,325.6,330.47,34260,11321824.45,1195,31.9
Share41,8-May-17,325.6,328.1,333.05,324,325,325.9,327.55,12190,3992790.75,585,44.6
Share41,9-May-17,325.9,326,328,321.15,324.2,323.4,323.65,217559,70413394.75,845,96.47
Share41,10-May-17,323.4,325,340,324.25,340,338.25,334.65,229497,76801884.9,4564,58.81
Share41,11-May-17,338.25,342.7,350,340.05,342.5,342.55,345.67,152836,52830204.45,3497,49.97
Share41,12-May-17,342.55,344,344.75,331.75,332.9,332.95,335.81,65342,21942574.45,2775,71.93
Share41,15-May-17,332.95,336.15,345,333,345,342.7,340.74,44779,15257814.85,2088,59.4
Share42,2-May-17,289.75,290.25,292.5,287.1,288.35,288.3,289.61,9754789,2825042356,79720,33.08
Share42,3-May-17,288.3,289.4,293.2,285.8,289.4,289.8,289.52,13950914,4039031437,86140,34.09
Share42,4-May-17,289.8,294,300,293.1,299.8,299.05,296.49,24534923,7274385483,141660,31.16
Share42,5-May-17,299.05,301,304.9,292.15,295.95,296,299.21,34756331,10399339848,192131,25.98
Share42,8-May-17,296,296.1,300.75,293.9,298.8,299.4,298.68,11560550,3452853120,87129,30.25
Share42,9-May-17,299.4,300.9,300.9,295.25,296.4,296.5,297.18,7843574,2330960277,52271,20.64
Share42,10-May-17,296.5,297,298.15,293,294.85,294.45,295.51,8699405,2570749676,54706,27.75
Share42,11-May-17,294.45,295.9,299.4,294.45,297.7,298.1,297.34,11934889,3548713673,75103,42.9
Share42,12-May-17,298.1,300,302.6,296,297.85,297.9,299.11,13376269,4000935126,80897,31.3
Share42,15-May-17,297.9,298.4,302,297.5,300.85,301.4,300.31,10383539,3118314961,85232,40.96
Share43,2-May-17,499.8,505,541.9,505,521.95,522.15,526.37,166418,87597862.15,4775,32.92
Share43,3-May-17,522.15,526.7,538,516.6,517,518.6,526.05,78170,41121453.8,2762,69.65
Share43,4-May-17,518.6,521.85,526.85,515,518.9,519.45,520.53,23748,12361619.5,1805,73.53
Share43,5-May-17,519.45,520,520,508.4,512.75,511.25,514.58,20265,10428013.8,832,62.21
Share43,8-May-17,511.25,516.95,527.7,511,519,518.5,520.01,15590,8106937.1,671,45.17
Share43,9-May-17,518.5,522.4,527.55,517.15,521.05,521.2,522.17,11179,5837369.35,537,56.38
Share43,10-May-17,521.2,525.7,539.5,521.2,537,535.8,532.38,54867,29210207.75,2000,44.43
Share43,11-May-17,535.8,539.95,542,531,531,532.35,534.84,20131,10766893.2,723,58.99
Share43,12-May-17,532.35,531,560,529.3,541,543.3,547.27,108357,59300963.35,4329,26.95
Share43,15-May-17,543.3,546.8,551,538.05,539,542.1,545.59,32916,17958800.9,1952,46.89
Share44,2-May-17,1771.4,1780.9,1799.8,1756.9,1775,1768.6,1777.58,132513,235552798.4,8715,13.57
Share44,3-May-17,1768.6,1779.9,1793,1765.35,1765.35,1773.15,1780.84,101466,180694283.6,4902,35.77
Share44,4-May-17,1773.15,1772.1,1786.35,1739.7,1756.9,1749.1,1759.8,89584,157650192.6,6724,38.21
Share44,5-May-17,1749.1,1767.4,1785,1744.7,1758,1757.25,1767.9,109111,192897626.5,8939,21.61
Share44,8-May-17,1757.25,1759.15,1774,1731.5,1750,1739.35,1752.34,76182,133496633.8,6286,20.18
Share44,9-May-17,1739.35,1750,1775,1736.05,1772.1,1761.6,1752.05,83855,146918358.2,4599,26.48
Share44,10-May-17,1761.6,1769.2,1788.95,1713.9,1778.25,1779.7,1779.37,119076,211880557.9,6049,35.43
Share44,11-May-17,1779.7,1797.95,1817.95,1767.05,1771.25,1776.95,1791.76,143410,256955922.7,8976,28.76
Share44,12-May-17,1776.95,1785,1795,1755,1765.5,1766.8,1772.59,71168,126151406.3,6318,22.82
Share44,15-May-17,1766.8,1767,1810,1767,1806,1802.2,1792.66,114845,205877743.7,7889,21.93
Share45,2-May-17,146.95,148.75,154.95,148.4,154.85,154.5,152.57,1689015,257684911,18925,47.99
Share45,3-May-17,154.5,155,161.9,154.85,159.6,159.65,158.89,2048681,325522981.4,18656,60.74
Share45,4-May-17,159.65,160.5,160.75,156.1,157.45,157.5,158.2,1037502,164128888.5,15357,70.17
Share45,5-May-17,157.5,158.65,158.65,152.2,154.55,154.2,154.2,609387,93967634.25,13348,47.99
Share45,8-May-17,154.2,155.35,157.5,152.5,157.35,156.1,154.46,606257,93640971,9847,72.17
Share45,9-May-17,156.1,156.9,159.7,155.55,156.7,157.1,157.41,693926,109229387.6,7485,63.06
Share45,10-May-17,157.1,157.85,157.85,153,154,154.2,154.72,424362,65659339.2,6249,56.61
Share45,11-May-17,154.2,155,156.5,153,153.4,153.65,154.68,352224,54481226.65,6550,60.17
Share45,12-May-17,153.65,153.8,156.35,151.4,155.1,154.6,153.26,408313,62577950.2,8933,61.28
Share45,15-May-17,154.6,155,161.15,154.2,159.45,159.7,158.63,1056548,167595602.4,15293,54.76
Share46,2-May-17,4320.4,4419,4419,4272.05,4339,4326.4,4342.1,770,3343414.4,296,53.64
Share46,3-May-17,4326.4,4330,4449,4190,4229,4290.25,4378.19,2604,11400800.4,525,75
Share46,4-May-17,4290.25,4097,4377.95,4068.55,4350,4221.6,4175.54,4363,18217861.05,1387,40.68
Share46,5-May-17,4221.6,4300,4300,4202,4259.95,4275.45,4256.02,862,3668692.55,324,54.64
Share46,8-May-17,4275.45,4287.4,4336.05,4233.05,4245,4267.9,4281.49,1049,4491278.25,328,61.01
Share46,9-May-17,4267.9,4225,4268.95,4151,4177,4171.5,4198.41,1114,4677030.2,301,67.06
Share46,10-May-17,4171.5,4182.8,4238,3706.8,4220,4137.55,3942.69,15975,62984441.05,3361,43.89
Share46,11-May-17,4137.55,4141.05,4220.05,4077,4077,4126.45,4129.37,3519,14531255.15,795,85
Share46,12-May-17,4126.45,4126.45,4126.45,4050,4098,4089.3,4081.95,1128,4604440.4,413,53.19
Share46,15-May-17,4089.3,4040.9,4126,4012,4050,4067.5,4059.52,666,2703638.4,261,39.94
Share47,2-May-17,1600.7,1592,1602,1573.7,1599.95,1598.85,1595.1,52127,83148013.95,6367,71.67
Share47,3-May-17,1598.85,1590.05,1600,1576,1595.6,1599.05,1599.08,30272,48407343.75,920,70.91
Share47,4-May-17,1599.05,1599.95,1601.2,1588,1590,1593.85,1596.33,13217,21098725.85,2019,70.01
Share47,5-May-17,1593.85,1591.1,1594.85,1556.35,1557.25,1566.65,1577.21,22743,35870554.1,1116,72.75
Share47,8-May-17,1566.65,1544.1,1570.9,1519.35,1520.3,1534,1541.32,61039,94080930,3782,70.53
Share47,9-May-17,1534,1533.35,1534.9,1500,1502,1518.15,1518.06,35027,53172955.05,1668,67.36
Share47,10-May-17,1518.15,1515,1520.95,1500,1519.9,1519.75,1518.91,51709,78541324.7,2865,78.87
Share47,11-May-17,1519.75,1525,1529.65,1511.55,1519.9,1519.5,1519.33,17747,26963567.7,1825,73.9
Share47,12-May-17,1519.5,1523.95,1524.9,1498,1509,1503.95,1510.81,13378,20211557.45,915,68.34
Share47,15-May-17,1503.95,1514.1,1524,1493.55,1505.1,1513.6,1501.74,24184,36317997.15,2503,74.57
Share48,2-May-17,390.4,390,404.4,386.35,402.5,401.55,396.65,45220,17936311.15,2038,68.46
Share48,3-May-17,401.55,403.15,409.7,395.4,398.3,401.8,402.54,38824,15628106.05,1996,59.6
Share48,4-May-17,401.8,404.85,406.05,398.25,401.5,403.1,403.72,16566,6687990.1,1392,54.62
Share48,5-May-17,403.1,400,405.9,395,398.3,402.5,400.68,15118,6057482.7,713,46.45
Share48,8-May-17,402.5,406,409.85,397.15,402.25,406,403.7,12619,5094257.65,480,61.58
Share48,9-May-17,406,401.5,410,401.05,409.3,408.65,405.89,16006,6496734.65,906,53.89
Share48,10-May-17,408.65,409.85,409.85,403,407,407.75,406.5,11503,4675970.45,458,51.48
Share48,11-May-17,407.75,407.75,407.75,398.55,404,404.35,403.66,23325,9415444.4,2567,52.75
Share48,12-May-17,404.35,407.05,408,396.8,408,406,401.55,28533,11457512.4,1989,46.22
Share48,15-May-17,406,407.5,410.85,401.25,410.85,407.8,405.85,17919,7272358.8,489,64.15
Share49,2-May-17,190.4,191.3,193.25,189.35,190.9,190.4,191.23,676757,129413175.8,5668,58.87
Share49,3-May-17,190.4,190.9,191.35,187.45,188.1,188.6,188.83,358369,67669584.55,4842,47.47
Share49,4-May-17,188.6,189,206,188.5,205.15,203,199.81,2595866,518672033.5,18450,37.11
Share49,5-May-17,203,206.05,212.85,201,205.5,204.75,207.49,3827115,794076623.4,29718,27.11
Share49,8-May-17,204.75,205.9,210.65,203.85,207.5,207.9,208.35,1253656,261200661,10240,29.08
Share49,9-May-17,207.9,210,212.9,208.85,211.4,211.1,210.85,991159,208988554.7,10858,26.54
Share49,10-May-17,211.1,211.4,213.4,209.15,212,211.75,211.66,880106,186285366.9,7454,36.86
Share49,11-May-17,211.75,213,213.7,208,209.1,209.15,210.34,766690,161267187.8,6006,53.46
Share49,12-May-17,209.15,209.3,209.7,204.9,207.4,206.9,206.27,670019,138204328.2,5169,31.16
Share49,15-May-17,206.9,207.5,211,206.35,209.95,209.95,209.32,554545,116074921.9,5248,33.48
Share50,2-May-17,1298.45,1290.05,1337.35,1289.95,1326.4,1326.1,1314.38,24714,32483495.05,1766,73.66
Share50,3-May-17,1326.1,1338.25,1343.95,1300.25,1332,1329.6,1319.38,14417,19021572.2,1561,64.4
Share50,4-May-17,1329.6,1339.95,1344.9,1315,1315,1322.65,1330.98,39906,53114119.7,3022,84.47
Share50,5-May-17,1322.65,1305.05,1338.45,1305.05,1325,1321.55,1326.31,6793,9009645.05,1028,63.04
Share50,8-May-17,1321.55,1323.05,1347,1321.95,1328,1328.15,1332.69,13131,17499520.15,1661,64.7
Share50,9-May-17,1328.15,1337.9,1338,1300,1326.05,1323.15,1314.07,36305,47707455.3,1427,87.06
Share50,10-May-17,1323.15,1330,1347,1330,1335.3,1338.9,1341.1,14541,19500985.6,1665,79
Share50,11-May-17,1338.9,1326.05,1349.85,1313.6,1330,1329.9,1325.6,38961,51646632.3,1566,63.54
Share50,12-May-17,1329.9,1341,1341,1310.1,1310.15,1315.05,1322.84,7526,9955711.85,2413,68.59
Share50,15-May-17,1315.05,1325.05,1340,1325,1333.9,1330.3,1334.98,15728,20996488.1,1101,73.33
